BusinessAddressCity,BusinessAddressCountry,BusinessAddressPostalCode,BusinessAddressState,BusinessAddressStreet,BusinessFaxNumber,BusinessTelephoneNumber,Email1Address,FirstName,JobTitle,LastName,MobileTelephoneNumber,Title,BusinessAddress,Categories,CompanyName,FullName
Pittsburgh,United States,26758,PA,456 8th Lane,888 888 8888,666 666 6666,drfanderbiles@fakeorg.org,Niles,Director of Fileology,Fanderbiles,777 777 7777,Dr.,"456 8th Lane
Pittsburgh
PA

","consultant, test",Clampett Oil and Gas Corp.,Niles Fanderbiles
Chicago,,60612,IL,123 Main St
Apt 3,,777 777 7777,profThirdTest@fakefakefake.com,Terry,Professor,NewTest,777 777 7777,Prof.,"123 Main St
Apt 3
Chicago
IL

","test",,Terry NewTest
